Age,Income,Education Level,Health Score,Distance to Work
58,49975.46050033853,1,76.84900816928977,21.66644660824891
71,43609.51492153371,1,64.47034921599693,19.77615015453889
48,69131.94872980431,2,77.07649335404092,5.482867918155282
34,48626.50909025244,2,85.5994055605915,6.458661302984933
62,64056.08780472768,3,56.204393719899784,12.3309517117356
27,41460.10804176833,1,63.109271341961524,1.2272894806686487
40,56205.691999281116,4,76.84813270764185,7.808704413107192
58,70131.32756458873,4,79.60419729440048,7.3092049939663575
77,10868.179854734364,1,82.38080374909651,19.25582970973354
38,40173.72074263883,1,76.10889478887768,10.805089427522278
42,58906.132637618175,1,79.61512405015809,8.576165112314019
30,68192.22610524028,2,84.03480708540681,6.842576336573494
30,53046.703219197596,2,70.85541898229674,14.47024798662397
43,50743.59093949107,2,68.91413913993578,7.516445880347958
72,74158.6769483495,5,73.31493369065132,9.7485851281875
55,69109.90085883229,4,76.99487942277413,6.804382387640178
59,36971.27094428451,4,68.41726556798682,2.4123143399230287
43,51746.16470181136,3,71.06242683526789,5.019824361486681
22,55402.53503203273,2,78.97701770507295,7.490141463176532
41,75778.99061020529,5,76.57750781029715,8.683725848681854
72,62991.057740641976,5,73.14662877184242,8.902880370382464
21,48446.358501475646,4,57.58930689937351,9.555401497406189
43,53301.11493205432,2,74.9649200799146,7.556561849244955
63,21741.747661491598,3,65.29996032490958,16.74563174084203
49,64529.42726941017,2,84.830827052059,14.739920599284911
57,59685.99183084871,1,71.91278846721492,9.324453664045809
21,68182.34649837653,2,65.0376794377748,11.271291398704982
79,47839.2605258822,1,74.3845672611995,8.139558792735224
40,51920.616028376906,1,87.70699585092191,-4.217426460258878
52,42779.92476080412,3,81.30815849144619,10.102465064630124
31,32779.17640766388,4,77.19917150605934,11.52807180625608
77,40966.15695676736,2,61.73904940953143,1.9366912097988624
41,22710.49325705106,1,91.21600099766322,12.497055345973013
63,63719.082733911266,2,68.78372825964097,8.597116610275954
44,17376.762460203543,4,84.33783912872343,11.689668603173311
68,80482.13788938828,4,71.74637121648585,8.748006763149572
46,23538.09651049877,5,83.37507872483239,16.254772371134244
78,72498.33013512797,4,88.06874095875274,11.131144102920434
61,36379.18934644343,3,81.48137269907534,15.012082293360036
47,58415.49601206591,1,82.5585495975994,15.423630710874725
79,38713.299495096966,5,74.01561013844368,4.402221369557947
35,75106.22239087074,3,70.6603385792719,6.3049156498942605
34,50655.5400212641,2,76.3829868978581,12.25805341363128
66,66105.23018148128,1,71.60085494230783,8.172313581209139
70,51140.720598445776,4,99.67203710812493,8.806966153718522
63,55294.39963308353,1,65.07641713509486,16.432824110853048
74,59241.59981029624,2,85.02085216590409,8.44816810903965
71,42069.140217504435,5,80.17196834539014,5.1553532587570885
76,30795.633076471164,5,77.29872208123938,5.8309999918220266
22,30475.950113870003,5,89.7988609991384,20.911782505963505
56,50762.63853704234,4,77.98377452601179,9.108902598073815
70,42670.3987191788,3,68.65093080257584,3.178761223910448
26,17812.148602250873,3,77.91730377253408,1.1527070234170278
40,57694.118761872436,1,73.16821731094771,6.876816786629432
28,31722.655380701217,4,80.03284668816649,9.017389402863083
58,32595.124620960414,5,83.13073631629499,14.745868532138363
37,49375.609485696135,5,66.4091205763593,14.261725832308835
23,36498.265128891304,2,86.95336118002815,9.968267894635824
44,51837.582475092786,2,72.45100155131541,7.729157069202055
79,79601.91337403837,5,79.43613922682178,11.69800926710845
33,44314.135307265184,5,81.17030170320696,1.2562696193180596
69,34106.31280675027,4,78.67388690630631,19.905404469646086
77,52722.60466440965,3,73.9089148234743,13.270527979283056
28,38371.52309498469,2,70.11402418007336,14.334951098641362
45,50356.272229966205,3,72.31005492696659,4.629233090616946
72,54734.53965021858,4,90.65171932528877,16.41324320648298
21,49472.045923062746,5,66.3413356287094,7.699914194868525
39,50848.38424383752,3,67.80756662037034,5.2372093859071835
47,52881.35570948974,5,67.36851176856285,9.804138146968903
66,73956.69083781216,5,76.35753879917665,9.687224570058131
79,46206.21043839508,1,59.75294550012194,4.607314637440016
26,51911.51610002135,3,61.46440143865607,5.525313232293174
63,63002.73595013215,3,72.39045167040742,5.133841123359749
27,57065.55247127032,5,62.12224554701763,5.1814246607158765
66,44626.86199263831,4,62.93728690717198,8.059510464501997
54,63527.95155526831,1,62.197315906370605,3.0550743191377103
33,36931.29678327606,5,66.53388290866671,6.5431275129303215
36,46598.75859052661,2,82.31246506670406,15.225672741921345
55,38433.7018924334,2,84.55707956121083,14.116547260520917
69,58642.61899206652,1,94.19000893218606,4.750603795536227
59,67843.99671927124,4,93.82361858513478,14.791024586471167
23,53350.04238044533,5,82.86312709880447,0.16780365431975497
21,51128.98918893782,3,85.27677674801032,22.145721610060768
25,36874.86998812886,1,76.31102090685918,16.50156596067796
73,39461.73324319754,4,80.19864852012269,7.201340439299466
61,32101.098265423614,3,94.43603048183171,11.912132808675551
23,17349.779160917264,2,78.7121286805683,2.9954033594543548
73,44134.489981542625,2,86.53238578545239,10.302213949629067
48,45528.42095970552,3,65.65648391421489,9.081684837487666
37,82592.63443059959,1,68.33761275741773,5.826183053038022
45,73442.20349312166,2,78.12069597794968,7.657212568370705
63,58334.603594503016,5,76.49931670063391,7.165062620952865
53,81267.15845812345,3,68.80065812595103,4.341316403411824
29,70863.55244277912,3,99.07377583931219,5.709263770516684
55,19886.479679558393,2,76.72594103914867,2.7907778700014374
33,66011.84258352127,1,70.57274947815338,14.28665382780309
50,60671.8139779224,5,76.5161882736063,5.339436267718655
67,45659.33079300963,1,75.25426702611635,3.889895642149229
34,28771.962207237277,4,76.87802547891089,14.207523399079985
27,58931.01703565635,4,59.06282984648967,11.848101771696651
33,18813.084155382552,2,87.91946696566866,14.022505279744795
42,49677.8755643801,2,88.48829420439151,14.580416120983273
79,40743.64387569687,2,89.70320772036486,19.687274484692118
76,31117.36937671707,4,78.25431758536298,9.219801166534078
59,67832.01511478309,1,81.62481060164515,2.711961605022463
40,49380.373541288405,1,66.3377305199275,11.355189003810626
35,52609.494937543546,2,83.3289932859739,6.654976885600913
64,63618.079208636416,5,77.51787706893938,5.212473583422296
37,49868.14165544967,1,70.39593384360758,10.499625861086205
66,56771.167979712474,4,83.6474469164084,14.328763665047948
72,62237.774307336345,3,84.03449036091101,5.820025792018583
43,58501.338903782394,3,75.60608835674932,16.371940436658594
45,54289.70249282425,3,79.38382580128403,5.05193020498592
44,76746.69253062585,5,64.6828298806644,8.780483893372685
79,68629.55897014785,2,87.43183437214358,11.931539408904339
79,48713.5524615075,4,66.01186811965098,8.060503956579709
79,36354.60574777321,5,67.94574351920824,1.1199883053073165
64,59579.35474756466,4,75.62315645430537,14.637037458944025
60,53237.90972283508,4,86.14516284218459,6.882678298219864
48,75634.9349478325,2,86.13948633215661,13.724492246968463
34,64812.395085510834,3,74.95175378094869,3.6792793248616897
64,61463.06582002862,2,82.73013362253812,4.532817089517941
20,50194.27306931142,5,58.10941550671104,14.312167047776786
44,36864.518874991365,5,67.80680009870447,11.702540463710116
26,47030.55546948027,5,68.01049560536399,7.807071446576617
28,57152.42141486165,2,87.52212909759818,11.775157990854188
43,24056.298604862815,4,81.54654162908008,5.22980432227821
20,68625.70939478517,4,76.84652775904601,10.551295587444546
63,81005.66002627069,1,77.81735063829375,10.642769616950327
27,20825.910644438754,5,90.68339276030125,8.131091974044857
43,28996.766734796965,4,73.29820333493448,5.823571472046208
30,53444.9369634971,1,61.859326914659604,10.351242891073968
70,41261.28626547599,4,85.87195184395304,9.725094283495508
36,53913.5965074751,5,76.8183903720506,7.670889605401955
27,48924.889451638446,3,84.53671678165782,4.83092764909625
54,34642.722207664185,5,74.55235192613492,10.062385246677337
54,69326.09510267734,2,66.61310476296107,7.683388175816971
52,56967.74907864274,4,79.02821721082977,4.826711897815334
78,41603.87037907592,4,75.10175070741431,10.217649053790556
24,72575.37671991231,2,76.8494228287441,18.04152736027693
61,42373.91067659371,2,91.16570494117417,8.165861670464611
58,31372.392249416996,3,64.012975226153,17.488882706210113
77,52752.677346316035,4,77.85918660475983,20.571658573650478
60,55297.36434833999,4,66.81003309841323,5.232905488111625
47,57978.75338328269,3,49.09454026879942,10.045221040994821
26,60445.26689978731,1,74.51034810977777,20.518659589081548
28,57741.87092866536,3,75.31022936999807,9.39460019295478
27,57132.404621737616,5,81.23522102950758,10.184060728827
31,41393.692995377525,4,72.82459251416056,1.649972628125541
53,39788.83588144169,2,60.109996448760285,7.341690498401661
52,61135.473743886774,5,66.77568422745136,12.777943423344684
67,53651.847660498315,4,88.16958836686703,22.14641321475625
74,62303.686092293836,3,66.63372070709369,9.019965832641548
42,24390.842665586024,5,90.83225529692507,1.6868683887432248
43,42488.204263736094,4,85.49984292571384,2.9737540461334557
56,78605.28352865833,1,71.82219395663931,9.821051570308516
54,58287.997285211604,1,67.70920836897301,15.886033990261245
63,54433.25676468729,2,85.47912969130579,13.186768414376978
59,60618.865504545116,4,72.59088754906381,12.30127931755063
41,83126.75788799272,1,59.543498603000415,16.54572193458798
46,79970.74313430542,3,80.62316620623258,6.398854562405242
54,26307.188640311095,4,79.17263447858186,10.095473599787827
20,31842.482613959473,3,86.37706202714779,7.398089398988024
54,25798.84016673812,3,78.49594999360298,8.642721322739632
56,38793.38166589606,1,69.50853022954283,4.968653228372575
66,50823.78947978385,4,87.69678839602133,8.280119642831021
33,53630.22716101695,5,88.66990432678844,9.861422168773005
22,27042.81885219121,1,77.33205963985208,8.142642500692247
20,21989.72260446336,1,75.60321914532972,9.194692484930991
24,38528.12919566824,4,61.76728976894895,12.025202717185932
45,63742.568984069316,4,68.92473657653524,16.193478845321998
74,66355.44367540468,3,82.60769641959354,16.55577934056299
33,75587.37289006528,4,69.427196996373,13.807108836984963
58,49515.046236123286,3,60.43162130606677,3.70009260780842
46,62422.30235585158,1,109.958777896001,8.197950072150732
28,65148.4244157449,2,60.365940415733114,8.628574846436992
34,42547.11450991068,5,97.56751396434117,6.714250846057178
34,55817.67322295699,1,71.9257655540174,11.711755895148034
45,59880.57688564631,4,74.15437000856191,2.028357533592711
61,36362.635743723135,5,68.27721727812401,18.46783234764146
79,74631.44256661166,2,82.82837164737892,15.976103357608572
32,49417.8157591996,2,60.60225786889916,12.391011309508789
70,51305.52842220009,3,56.59670963765828,9.689453350399077
51,35789.87930086813,5,91.10171529378607,16.14419647536277
58,38308.607061837,3,66.96027601193022,13.447024683901336
68,17052.280987519865,1,82.46088119539684,15.533188921090463
71,50827.33814627918,5,64.14543923103784,9.7047395887008
51,87585.33814462958,1,82.08421042894582,18.946565429320835
23,34720.70827843269,3,91.8354649877845,15.83443937844928
49,94642.95392232458,5,69.72878614584883,12.547681477179657
56,71213.76893918621,3,55.66558893214019,16.279864602155776
42,42896.168285343374,5,91.88793913309905,7.904190290830139
58,50408.97057228318,3,84.26244321524891,4.162498203264867
64,47973.49538127594,2,70.26428766228692,11.607752565237378
34,75592.45960096567,3,72.82047946731353,9.714547770932656
62,57755.235951769406,2,63.893478037503144,9.011413288611855
48,67729.61072932722,3,89.2025693244196,16.081560196747017
55,55372.577680420225,5,69.65284392189355,10.835696066053153
32,48320.412191080744,5,60.81291462452526,11.317845367677421
51,54896.35047606072,5,77.13645881512471,8.364737206229519
26,43895.83649191878,4,66.3998663842146,14.405615696397629
78,28216.939347936535,1,64.69985424136893,13.509378906539597
70,62205.32863934976,5,70.69900796238055,14.368298384471467
41,27482.533274853697,2,75.8635531550037,7.513680166819107
47,45967.48734807237,5,61.18890244085253,16.520442300234976
21,43402.03568576874,4,88.85148925212323,19.193842118831867
61,59650.308965811055,2,81.77159712065787,14.210191986623528
64,73470.56877400294,4,71.34637009227269,5.953558563778546
76,68074.55970951123,2,65.96656513703002,5.988988578818994
72,60086.375283426394,3,74.10774547083335,8.12311522203456
25,40551.92531568827,1,83.99435040755722,7.178113929907395
47,47247.962696053044,1,82.44584027199679,9.644536871563677
47,45060.89439416273,4,85.58504300451177,13.162212331839239
63,42945.778299058344,1,70.19622509019678,11.449762203749243
63,43963.23337059744,4,45.75074820803323,11.011445281931444
39,43562.92947398614,4,87.47811197916246,8.793986250999271
49,42898.60710949256,4,73.32803856927649,9.630770364177254
30,64278.245270428306,1,81.66166065471663,13.982877537645008
77,34180.44666700862,4,91.69228754640302,-0.0597901374990748
74,39057.88846544254,1,99.34408633237682,9.943047957606343
47,26248.89918440732,4,68.50178521859179,11.439937974636624
44,71232.24203766274,5,76.33959907165645,13.917915342736464
58,38052.45562013619,4,88.66836460605445,4.949770303580879
52,59911.628475832105,2,66.55720981477005,4.685451587734406
20,57129.782903184605,4,69.17888406209572,12.919774974390668
76,69782.57931636156,3,69.11961421541125,0.4777387987154196
46,46849.74952437359,4,74.71909686591978,16.660945553803927
76,35786.90319071132,2,72.7987631971003,11.132959957464053
71,26663.750361925573,2,69.06204677743676,17.793606064217187
32,8230.465328268496,1,65.3424258439374,4.564638117152436
60,52420.29838818354,5,83.11940328395292,7.818202656408798
22,61632.08858733372,4,88.37831020966117,-2.039341634634429
58,57075.32157796761,1,89.82714794172415,6.021551185023619
25,27053.535452407883,5,70.18926442615516,9.080765596390604
27,65582.39217667893,4,83.53724672257277,0.18646209995781682
46,39526.75957526971,3,77.36325902727775,8.026865939008003
28,36396.447587873685,4,69.29328651386675,0.06329911569877922
56,39190.51647045225,2,82.34218218708196,8.712699075442874
52,51176.13383759116,2,68.83394945954502,15.735559635541183
70,27729.476427243917,3,71.23823397218311,9.825101249429387
61,49444.46129421323,1,61.2327029749637,18.291036863059013
63,56441.72368075504,5,70.35778902566774,13.931462816973049
43,66609.85844365423,4,77.53861209014585,16.740739243034856
34,52639.34985831866,2,90.68934495677496,6.175273795608582
78,29905.57252709313,1,71.46504553798313,6.054291858036988
73,52233.353414783356,3,64.61830852913066,11.728067081926843
51,34096.1258908082,2,89.97368970934124,2.111489541835705
51,33230.82265449574,3,69.95447562915783,12.355718748810451
43,29559.445946900312,4,57.516183438591355,8.380400917265352
60,21331.194801589638,5,76.33093735136784,16.649984187733285
71,41492.552480969076,2,71.75226526720824,13.397561270397052
68,66933.33114570362,2,98.00395642685172,15.483532151700636
68,83847.26023141312,4,79.75366034347212,6.228969593024765
77,41396.22262489859,1,73.53657646345164,15.24105134380864
71,66291.58290154484,5,65.75502790744396,17.223562471821413
31,44081.265226451076,2,78.30166841192967,9.806430883098296
58,25238.96420827158,5,89.56709950061794,6.303246903167559
21,60514.13392169116,2,78.1181418347726,6.391063993827952
22,53522.2113019335,5,66.52570307882054,16.195064960079826
68,77270.29411941674,3,80.38806211751954,23.421728712116554
56,26979.822770258663,2,74.51393105127184,5.09177464912389
68,91940.49062502915,5,79.48613103318162,4.707399749787199
75,73875.75984782234,1,71.4519264981578,14.607070903372394
36,49731.14639657219,3,71.21704725738788,6.230432353166778
78,45520.43312302223,3,70.8222020256822,15.09177692114135
68,39262.85196697074,1,84.42238151497361,12.326730867633229
21,51645.98958781689,5,71.31774724758908,9.880113487510181
21,47240.957668865325,4,70.40269268625772,12.206357672608439
47,57706.931203709166,1,65.57934098437633,11.90099184576697
73,45584.50008472541,5,79.54013801716768,9.101967511069121
42,71224.45537244994,1,78.11701802131219,1.2181948418075272
56,51875.6904674967,1,70.51231775511368,10.893253642945174
51,46147.74458111402,2,67.9062129244214,17.86530183032082
52,65364.29872669085,5,93.76173413227713,1.9561566839773832
20,25662.145547033717,4,56.19556944875162,5.171074899305276
38,55114.82528415701,2,79.93172003201721,12.134134873830055
21,50383.5700461415,1,87.91403548216009,10.192959313661403
72,28837.24204391326,1,41.131862385117,12.055910797921445
63,24372.450806472385,1,82.9414006007618,6.50340896086169
45,65155.175044123665,5,72.79745398503911,15.81229143296153
51,64441.8603552604,5,77.5605486428326,10.234502828451054
25,52588.37644451539,2,71.7676203547791,13.484927611715285
51,75749.86664682085,4,85.75393445646077,11.601387054855481
74,56614.52272791903,2,78.63119341671357,10.877474839804963
23,68747.07979116823,3,76.31719889534315,13.13416828514065
74,56304.86880776781,1,66.01139393041407,10.932439769834753
30,45862.856515970125,1,93.82292233834188,4.049004859522441
75,34137.031228499865,1,75.09931019733271,15.436784128579824
78,40948.45617645856,2,97.8980579746046,14.090636431240918
36,46143.165931291725,2,94.27569385178195,-0.5342519567890491
57,70447.29653160057,1,57.21649032734619,6.728998575621613
43,61548.79337794495,2,68.45054039197309,15.211802312464034
24,54954.786023639244,5,64.63048994025058,0.8653572676108308
71,63050.14861346112,5,74.51793918512938,14.717834409503723
53,57910.75573538724,2,76.87164020486162,9.293887321728747
25,53929.064166602395,1,77.2992646789343,16.701412851669954
41,27520.108977395677,2,85.54128676018979,9.994266054622681
30,67087.36359292515,2,89.9358276930887,6.389660035021862
67,43122.322287102856,2,84.67487749238639,11.540428303795704
35,66328.10416433816,3,69.39064785776253,9.848072552450068
52,67778.15437266334,5,67.17976134892561,5.945744329296597
28,39949.412096669796,4,75.02761835883936,21.091717415056934
79,64245.741208939064,4,79.26119526404662,5.144509092078426
78,44585.18781116152,3,73.16808654282877,-1.2147768752989698
25,44674.515085299136,2,61.54515163747778,17.908494840607464
35,53862.09851873987,3,81.820595085768,7.082182638420368
48,54267.08883754311,3,71.07685231266096,8.516133695171522
22,50578.27273026338,1,70.77487265577957,8.21046967685483
39,29985.67976666065,5,74.45387325941907,7.15174282920837
79,48178.30040773491,4,72.60101082919839,6.1690376436827705
78,84177.1809228261,2,71.33498944487899,5.015913487515178
55,8239.936567969671,4,62.19874693066811,10.323798808522827
38,63046.10660342619,4,73.87752533048341,7.990062211621824
45,65856.87400034463,5,82.02953791906867,13.651810951669733
22,29624.78421070772,4,77.64644005121289,12.413470258080771
38,42958.416298856806,4,84.48121439100645,5.362439032372979
39,34989.242630849825,3,67.71454977679993,10.54260638036178
51,77809.48065967819,5,62.219415208821985,7.910808379393233
26,66545.37900166673,1,72.54150021022004,5.041697786831672
71,67271.38061697099,2,68.85763381451304,13.447157852575662
60,51809.70838992193,4,69.89665016792252,9.393373603458176
52,69681.37924624464,2,77.11749718081127,7.962249899147604
59,49876.45149406883,1,69.96919460895344,5.722163817883604
58,70387.36440815838,2,62.499315107936056,4.860316194633305
37,47769.55363831669,1,69.41005272118002,19.94384011957273
59,39811.37124929841,3,78.40059366860801,11.670593248149983
20,77164.25399497915,4,81.71480601006917,4.544354813985917
30,49687.268590022955,1,81.61422784083346,11.439329491614064
47,36518.00137636304,2,79.2447309424791,15.310080883977689
76,36355.491537650414,4,73.31906534034755,10.837588062650212
44,36401.319904714386,3,79.0491409895913,16.870106710665624
69,62666.635265440535,4,74.57664341801762,2.2859342896501644
42,48517.05684432176,1,76.13096137820237,0.04338976309894704
50,84469.38463995623,3,65.6067326213406,11.302587109268766
49,67792.67273486182,2,75.43874963760716,11.382480716869416
61,53857.07195140957,3,78.78666234251412,-6.697500891271211
54,71058.46311797424,3,78.41127313439709,6.8821195439899245
26,42567.38995295775,5,62.12480973940701,4.956688428082724
79,22178.212937610413,3,75.96260776403382,3.0402687964842183
35,35156.2541363789,3,60.561104225360864,4.944791176950946
45,52208.11744054404,4,76.73676646138526,12.978939007996798
67,46661.877917432896,2,67.98662808397286,4.912974893551459
76,62366.23082386191,4,92.05642942525445,5.084389327090792
71,48130.79327984796,4,76.1924332929589,1.9059734557116048
79,61220.520889425876,1,83.01164019823923,16.34454821257913
68,72514.57445846434,4,96.1087263702428,12.173161827353171
21,48084.56224083842,5,66.8259818891128,-2.4617810145145054
20,58327.17933066682,5,79.35674910905911,5.088799603884068
67,23678.19739137149,1,63.140889907671536,12.64258942197463
31,48141.59031889161,2,78.44897008249919,16.406962744914182
24,31520.62811380968,2,92.65709266450403,14.204193796833284
56,52178.40165694021,4,68.72116785558211,8.221585448710572
51,53539.99635015996,4,66.14045686705404,0.3431156960348076
78,53490.145368706915,4,74.08825766481436,14.351244969556552
74,42798.1611530556,2,95.45817288088286,8.515515743397478
28,84477.03292602251,3,82.71038919953256,10.34431007307535
60,30979.677325353976,5,65.9508534794399,9.112897808957516
54,30062.81259257726,3,89.5506058248177,3.2223525021186603
38,74824.67563604878,3,58.44937007666813,11.821251061114946
67,39435.8130411516,2,96.36559128802725,11.132295155567235
35,35829.639686953546,3,83.56450680015159,7.871055785426008
22,84543.6784658467,1,92.63557440006718,12.355528999312435
39,64785.840752353455,4,58.52201891615965,3.13000226288347
43,41083.03177792667,1,76.69441830859687,8.654986120584455
73,53262.61858540341,5,73.66111073434284,10.130637364678945
75,79188.06927241526,4,64.93020526553359,1.3253618393246889
52,60374.31021426301,3,62.039763797486074,9.714516945819733
43,69292.22682659664,5,80.07081258759548,13.66822573340648
71,62072.04768100708,4,80.97731708113623,8.483845379785661
30,63953.80018930312,3,87.99974046725752,9.829425487428278
68,50596.12543865641,1,69.96578946673169,12.811720196170835
27,50170.22718464329,4,73.5839018984419,8.060999455668636
55,54005.755780226806,3,61.17540075053908,8.511013002278556
57,61016.792111754505,1,90.40785811994749,4.116482427337664
59,45750.2702625108,5,75.69548087757244,9.925316113396175
39,51830.80901754507,5,82.22588501620106,8.325757581976099
54,45344.81576066022,5,82.57905396111012,12.495448975266612
67,51735.27232991794,5,89.59107157301978,12.817299770916195
44,31235.055035272293,2,66.68600532732546,13.956045195064405
54,89089.66200439277,4,81.97586600347178,7.458698245524346
44,39005.898218316855,4,74.74991293690958,-0.8829054281205799
48,44578.08912860853,2,96.05677066340631,13.708198732323872
37,37711.03409667796,3,66.65635821003983,12.155604820487046
65,59235.6312374681,3,86.71426347763872,6.82354197656955
37,47059.96053136503,5,78.50341779228397,12.774700997836685
21,35542.88734854173,1,77.97856094206021,2.7570509874187916
73,59853.25049336514,3,75.5402072604749,15.151201064351376
54,61874.73721884187,1,88.46665822836788,8.33187724102975
35,48996.855132840996,4,77.63851701073935,5.855361934975523
60,40045.61072926885,1,59.75584661879023,6.891492218805562
55,82865.99008339577,4,87.19503568712246,8.842575069998938
52,55101.01445787847,2,85.36201832131722,9.939939633502684
23,30888.965225700143,2,80.87137684212847,10.241401401997035
52,71210.60691504151,5,63.71526370252454,7.85196278020938
33,37163.378758811436,3,65.2688463977868,11.001197867307395
40,91128.17510404874,5,56.22557114763891,10.041396371667169
67,51194.8678629138,4,79.60329873179813,6.762135022128005
39,65199.7405408303,5,61.50451151825631,6.00904687789368
75,18799.736587296484,1,57.81249107137835,13.041827714474188
27,30737.886738650555,4,87.74989119300044,12.621630179989527
26,70007.89429641073,2,82.68179564462847,10.285681775806317
22,54767.22598443706,3,71.66828335169073,14.620977329951007
36,80635.94634071109,4,73.65953416742805,0.1933617191618282
52,57277.62657844384,4,50.92655793016058,7.1780267924664845
67,52179.4435961156,1,84.16744919059221,4.2184144383267785
31,75703.60986233308,3,68.07268535511315,21.281361325689254
78,65152.054988381664,2,78.3029086313314,13.566099101979932
70,47056.08201085566,4,50.11437738208516,9.60469008170862
41,33588.438492523295,4,84.77568032161545,13.924952894230781
74,14425.765028517591,1,67.47155230614275,15.581378318775574
41,43435.01495295942,5,61.23957736210646,15.528158457620354
65,32204.97357167942,2,71.60398365511632,14.608517425501766
49,88965.56964851575,3,69.03604782064515,8.687298383589692
57,40244.4358389496,4,85.74267612909867,7.493172902580239
57,39834.36491562433,4,70.79604877638373,5.189054100096574
64,27181.326881170316,2,88.62617026613367,12.512236333645037
70,46005.24007215945,5,78.30142615789073,9.205321323356094
73,40031.97605536681,4,83.94367887212374,7.90764484741402
27,76065.9414311669,2,74.97833546772114,7.646693191360988
46,52527.14239122477,1,87.72058982339883,17.250963153173444
46,49867.03966015434,5,63.46376009717324,14.763402064208357
53,47979.90868876103,3,76.13624457494328,19.151969280640827
40,61792.62380283803,4,71.03564170568585,12.645081499460543
49,43215.07751548249,2,88.96628479507312,10.28477220127449
52,60008.091402977574,1,89.99034404659426,9.872987746275376
47,74209.54731091167,3,75.00421259237119,4.898492263692635
66,56901.1251544947,2,62.08488898904195,3.6929050412429962
52,46254.030757622975,2,79.27097316791668,12.536705109464373
24,35698.11243542148,3,58.35390264966233,5.3266064475837265
79,45873.14020479388,1,91.26142798783111,11.057288769336179
67,58446.183109588565,1,70.26829929363961,15.577333415476058
38,27012.08987124018,5,74.69429836582505,6.672730334845518
23,62473.14136563924,4,68.19048924193245,20.05240817295789
54,53114.19032342097,3,65.98218413299179,5.046524395279503
68,47762.16260361922,3,82.37291316547052,14.95097378244923
36,40108.79882823497,3,73.41383322948678,12.12378090566181
63,42854.33448545949,1,75.42482538923176,15.970476249730757
47,58959.590621979616,4,64.96108920781161,4.419011943201552
49,48076.827108573336,5,83.5605922349704,21.535104584768057
48,42482.90049082145,2,84.57789735136868,9.106124581085473
65,57028.45240057284,2,72.91071513120423,13.383239696496407
72,57622.846662381955,3,87.67922133331888,17.222437444732506
25,31262.374080139285,4,73.95875845775477,6.976689662523921
54,58572.21044865477,1,82.79755496288821,14.128631814735893
79,87525.47319290665,4,58.770724191699024,6.142651773892537
60,57044.31184063257,4,78.53430866486413,16.984807902289198
56,24514.891927344983,1,72.28518532393065,6.199096343856331
43,52660.63087759319,3,76.55522425954996,10.192534912478795
48,22537.76938709473,4,76.10682405655827,11.5306035050598
68,97510.57508096239,2,76.25699822176983,13.921498848613076
65,83535.12030476712,1,81.15700729362553,19.842381542132728
72,40010.92275806906,5,69.34826368394022,7.740155051927553
50,16314.992015092459,3,80.69079259535643,15.693673871368032
54,36824.432193608234,1,87.32524883117907,19.851292243170683
79,47285.13891590414,5,60.898589950196765,10.828666804324586
52,23572.043869403922,5,67.19459901770675,7.249336249398543
71,48964.66227505659,4,67.61464574498814,1.3498313028235422
40,47186.32003594623,4,64.07954200549041,19.416378837055312
51,51877.32045594333,4,70.25302230362941,8.777778350378181
42,53444.6776540697,1,85.3311851539984,4.993207503847245
52,35515.73600184273,1,89.47586924512429,3.2083495789511858
22,37198.78940375519,3,76.06174969746502,4.983929048049793
37,50683.88246705075,4,71.757639891518,14.598526466135826
44,40535.11805189079,5,83.0292396908066,15.289342638373691
61,63612.42152625884,2,51.3603150574782,13.260609357277682
50,50538.418246515495,3,64.44821527896842,10.661689136766823
73,77975.04850996211,1,51.78369593300084,3.7723970524933215
77,62307.23657406839,3,64.34300282644558,6.350295270489763
22,66555.70804085897,3,67.32982473098,4.466902946593622
59,51988.49101947179,3,89.77681877937678,12.864105027631325
65,52360.42251935445,3,47.389380338440105,4.683437605691479
43,75969.80869863766,2,70.83297399765667,6.428769444732038
69,44325.60674694456,4,81.19566472178107,9.082563785007464
51,58201.69031247859,5,79.10730663269094,1.650999234518265
66,46006.43701757814,3,89.61738133534894,10.233857154204232
41,45970.459124190456,3,76.61051478596589,9.464235594822318
42,32466.5560138742,3,78.74278180481144,15.921045729808455
21,38862.28473714589,4,56.6149316819745,5.900672274831241
46,36075.95822875324,1,65.1173114182319,3.5040224084383222
61,58915.53213384754,1,57.172952565519765,8.129701752043577
21,65603.08892335494,2,80.726081079141,4.50954353281992
45,48578.699396323966,1,78.48690451757246,10.195772959065623
36,53444.4189524548,3,78.13537967283516,0.7003256908669702
59,47712.929673423554,3,66.18566391541925,6.973272983113593
52,37838.36120160522,3,65.27050220683334,5.358141650888902
28,62933.94537195318,2,77.09446932296417,12.838785385430345
62,59788.020406392185,3,68.30613947228865,5.947176451873174
73,21611.810220440544,1,64.79595436167763,1.3195212070075044
67,45753.3649814712,4,69.91610628741932,8.990899515327257
58,36769.589881888576,4,68.39257963964691,11.599430701372546
48,44135.92145502162,5,66.33277025371547,8.64397403369637
61,39943.526494306105,1,62.74232183242398,6.94338610390446
74,49303.694438879,3,79.48689768338906,6.642189497078687
45,45051.27897299789,4,90.56049439477057,10.56474016221017
54,44732.88959268742,1,74.60995799381347,5.552756253802259
69,66610.8264250807,4,77.22434136969927,8.35758514294733
44,58357.67991003873,3,80.36377852601704,13.752232854436867
43,39441.5802454935,4,78.66565757193122,3.493384605471773
32,41666.79900779868,5,66.5308767168302,9.781664901298639
79,57376.89583099419,5,92.19846211102585,1.0550529360149756
77,57356.293575541495,4,67.4268948632204,11.139648350049765
26,40943.296414068966,1,81.48088364660408,5.1059539460046945
76,46490.13999646753,1,80.30191307342912,15.097959065153976
55,77702.09060130452,1,55.41558457865362,2.615263451773256
64,41201.778672179855,4,71.4115358308708,12.21039518400504
39,78662.06882688178,1,75.5662845181217,16.105655392632467
20,66555.00413788707,3,76.33151211424286,4.8465529928976565
27,75881.24412583199,5,78.01420515516767,5.6905753550253015
65,40563.920418958565,3,82.57662872939976,5.279021778117013
35,47471.66188905858,1,74.92484635729222,7.57068655797848
33,43262.54286836656,3,78.54617568017945,12.587108995947329
31,66901.29787889303,1,74.55045413227617,7.162475330564382
70,41484.74340991866,4,64.82666343245226,4.395208873968215
42,60968.232400143104,3,75.32401441369674,-0.09376853291645126
34,60174.49116788062,4,82.49089844253069,18.00973753256198
47,49279.55703928735,4,86.08788382475365,18.402478152073236
53,69479.89601246503,2,80.37315657544204,12.801185197442283
21,51615.19804589907,1,88.34350325949299,5.948081527875076
51,62511.28577912455,5,79.1886474740898,13.738510575658234
42,42579.449466233265,1,83.63879821668837,14.74353458746533
41,39148.44778839762,5,84.37391149279786,8.728759342936332
70,60967.18293886412,1,72.76649459116264,10.206842719994452
44,56462.60366500622,4,82.26003432567668,16.15884114744746
77,53649.61496192549,3,65.59355102359086,1.7976932147179578
41,44844.674780933245,3,78.49812342548864,14.992114115610871
77,73238.14214789456,2,80.77025826668452,8.454230943217434
77,33251.2129361923,5,85.5109512069933,4.437108489944748
41,32429.85485403542,5,83.20759303981306,4.848467633528307
68,64132.497577457434,5,85.64114183334713,5.676389327404559
71,62901.445762146046,4,74.00619669873576,3.949646399493984
61,55306.44168487802,5,71.54606845329953,18.856944871945082
25,45680.71667145791,3,72.25101242114384,12.456014692505006
34,57536.33193785618,4,77.6628373044863,15.322413768042843
73,75812.45445679301,1,56.912529843577474,12.81184145808339
62,87733.19311811338,5,88.31756970394554,10.306138042350867
79,25153.794417872654,5,75.43873359828974,10.37377661682816
56,43716.1982112718,1,70.8499841766488,8.012436805450688
52,42773.401055227405,5,49.70283789394539,8.421088117799147
27,74397.79207549524,1,74.63186493821718,2.959483130935542
72,12780.575201521977,4,73.01523484924245,15.409130755201316
79,57707.52789598319,3,66.02953569354744,0.933833569984774
63,46147.845373714496,1,68.26953154872987,4.706947047354005
63,74571.6912432146,2,74.73363355554837,20.060170654803052
24,72515.5826000669,1,69.11763540412318,10.680864415324134
58,55482.60102240039,5,80.71878066178355,10.888552225150994
23,26304.15393932305,4,67.51216411355983,13.186692738838644
25,41391.657764973,4,76.54608429520778,2.2983125343930224
64,43034.13385079392,1,86.8004536881117,3.031033167649884
51,30103.17808319803,3,74.63404137437449,7.775528267255767
71,67318.76422789056,2,78.55977123959745,5.483195212261549
49,28198.60254088391,4,77.92651387400598,9.625220174952997
66,79479.91262680569,5,75.07996899617265,12.42774647651068
54,79442.33951068188,5,74.3299285805649,16.94581523935298
74,44224.09607210741,3,69.28625778550088,14.055441698947956
59,54927.43055194724,4,76.5101229055782,5.028616441555228
71,48915.74782894364,1,72.16732491160533,8.125179610261036
35,63527.37200542536,5,90.46090168234707,6.7652741437519275
32,69120.16007847138,3,83.11143259109912,4.917195604938253
69,53869.95488180099,4,60.47204104111654,3.7791244366108376
79,57036.75064671594,4,61.02842001781923,18.3215619386227
61,40690.936040907254,4,73.69540130960635,10.05321121616325
49,56550.70950335508,4,71.04694522560254,8.87884896697626
38,52441.43118385971,4,73.16806081778074,12.421287832971508
36,36323.08266872965,5,81.51161460652312,12.668730518707864
75,49789.44335985333,3,78.15735898877357,15.594128268532106
38,44252.2622302089,4,78.05629230458155,6.281691933166172
47,40857.56627272912,2,89.46194665495393,12.013611084364102
77,32802.63188600648,2,61.111084458269204,5.444130118245856
74,50937.54099874214,3,76.03938834148899,9.04921028130636
45,38292.889905119846,1,69.20947452052746,10.28371283581027
56,42933.37741545951,1,89.35435785839351,10.772419978595305
45,66126.86412825933,1,52.90648394176657,10.551605529235953
72,59481.74151902567,2,53.34518414286998,14.009154912724597
42,35318.5002820812,1,78.0463629634805,7.0150580451211395
28,55278.36601859654,5,86.26296559324147,10.908371364517357
31,51991.71047396233,4,82.7325432131705,6.205475802398
72,75525.4431280019,2,66.99019206682291,24.603762829429407
20,70747.17501308411,3,90.06421722001579,5.4356784111818515
77,26993.769114352457,3,62.68531251405791,6.496736728277226
77,62916.91503437902,4,88.07484189543345,14.413240385065599
20,68977.95877435549,2,64.00771749641856,7.852674282494208
66,58390.38813092497,1,71.48175827662779,14.415230638505147
53,44968.81784458714,1,81.39269537856917,10.765112968629424
51,86200.90872675704,5,60.337921691038346,7.984053667231049
73,59771.139213905335,5,89.69023397540768,6.236223254376113
67,79648.16410592341,1,71.42056168598685,6.0558171918156365
44,70272.17644210262,3,76.37276135678289,8.03839498743629
59,56962.01990334956,3,86.62200789040752,9.128018408276011
64,41304.48632789559,5,67.0687465483285,5.840593782880629
72,49638.42682771248,4,85.60813686255389,9.453837849067277
20,46671.313208096704,1,91.4053357089237,4.529423536659962
35,31782.215665260952,5,68.44421002670421,13.77950608298176
58,59754.22362439554,5,88.69387672596295,14.736811997299823
24,73510.29502939113,1,57.394214057583966,6.478374048957344
41,45525.447581728295,1,78.89600394794567,6.199134724423898
48,82454.84748837106,3,62.714014842961916,10.889584035049362
74,26636.258212073993,4,84.4256854853619,16.326830465157826
22,65815.45322580806,4,83.60456048422203,17.43331832126587
31,75072.80353108115,1,95.77379995591244,2.9862863838186637
45,46939.54128528409,2,89.21282982952499,15.03152414825762
35,47209.15242285679,5,73.34228802398545,9.692233310324026
70,65641.47763766602,5,64.1825251270116,9.789051497697326
56,57589.86664939302,1,80.6568707966939,12.523561828252804
41,20038.829848107398,2,74.39268589614507,7.595212647919428
76,37349.40268190929,3,90.51155044595704,15.483503160541524
48,49796.7567792881,1,53.33619156584221,17.119811358849034
33,29454.527304723997,1,96.88056759288628,17.306421387676185
47,42887.385253551445,5,80.31990607611803,0.7804260586735996
24,29829.718621340988,1,66.86987878279628,8.851713656357852
66,44447.44054169914,1,82.33989227418566,0.3238470759612113
68,44950.65909018259,1,87.97421421289704,6.17359969028329
49,55276.3201489057,5,76.14346891303688,-1.9874943556482894
65,48623.61014000749,3,57.350796158551574,12.251333173197434
71,57541.84581561134,3,72.06152963652895,11.096548177900871
24,55753.160112108824,1,85.39395053042138,7.83699446721617
31,65470.09991396466,5,79.96664734227375,6.044259447248493
35,63106.745614401734,3,73.43492969164627,11.570158121768351
45,61521.85752702075,3,88.08315830891436,4.942889643144518
45,96573.01142700083,3,82.39305840832297,4.6026894261633675
67,55211.03954963493,5,83.16339155938344,3.9879189903264542
40,88903.57255788293,5,70.89365308019198,8.980795346306756
58,56183.276033659,1,69.92616318253901,7.088462152336186
55,48757.23627791162,4,58.00040279316978,8.078809907681647
52,44402.52226680204,3,72.40608244062744,12.60904370009366
49,72645.88697672644,4,84.35392053798128,14.816483024297494
56,74607.55089331907,5,72.95906702984414,17.252403924479427
42,58996.757839470934,5,79.45538846529006,10.300684889841461
77,67003.20161754059,5,86.1119935665328,11.737945512813848
29,30841.69301115375,4,78.72832991798631,10.94423178565457
73,26768.302662316823,5,79.70514761760802,1.629071505930483
24,68694.90328696181,1,61.42177537962446,8.151514720144567
55,48097.82753145467,5,71.77435215898024,8.174508886296682
53,61239.536260962544,2,92.26626506496595,7.445935871151942
71,39240.68075065883,4,76.03797181096094,9.79530335690581
50,74854.82704557163,2,93.96738181996575,8.902597233928358
29,26893.719921664455,5,67.76884369361053,5.068366180374712
77,29216.22370275967,1,77.3394745213454,9.244870230764734
38,71664.67375568517,3,71.17321562448132,6.804748014574846
77,10852.37310525649,5,80.91984685124554,-3.096213634584462
51,55678.53302142374,1,83.9500866806012,3.014655398447683
20,48390.11006605135,4,81.024660957009,10.444571629065393
75,38960.72121199955,2,85.4185214374803,15.459456570770548
24,47000.90227114447,2,74.86827011477673,-2.1360162883913247
64,37287.14760365285,2,73.09471632336323,5.648041831231713
23,73133.83919072749,4,57.41806992724028,12.157269169973798
35,77067.45632542414,1,81.38450935164565,14.39097731876584
43,39713.93619817483,4,76.72184092240157,7.89943219211991
35,54132.87316202797,2,74.32085262437467,6.586088207894654
74,30123.85293595929,5,73.09182594545655,16.098553749450964
21,66095.7823850469,3,74.6312043865621,13.980463529992843
68,65705.13761964971,4,72.63763868502083,14.293091990380077
47,45571.066509384655,4,69.71966161436696,7.659679987546274
51,50253.27587629843,1,77.39588880724169,15.568471188418393
46,48593.518257159936,1,79.84159118932953,0.274656335681442
39,25723.132494795864,4,67.2943208561382,15.656150458295066
43,73190.0622140019,2,70.99264430812609,9.667339232790551
31,38495.701416763535,3,72.95378248735132,10.644670956239075
69,38597.760916131185,1,75.04813307376784,5.273736709612614
54,47743.702183072506,2,73.71814530414233,0.929868259459246
79,64933.228780434176,5,81.59721199656394,10.538520738958654
52,41130.45177361954,1,58.4763298429619,12.756972747956986
52,20717.221678948335,2,60.249628016598834,13.513461924093825
70,36695.02908905699,2,76.93569399253578,12.973892979122931
62,56362.106286184855,3,68.97314152172211,11.840808475267288
56,82846.25431713779,3,83.8424230577381,5.3810678190351995
31,31101.200504402663,5,86.69800952588551,13.837380362600165
22,30552.473487787563,2,77.33747176422911,4.821888262623357
20,27311.06748741776,2,64.28025083725821,15.535321180325674
52,25449.125130509885,3,85.5459351622706,9.580090655969135
59,68085.37190122146,1,76.98902662150327,9.74645390067258
29,72420.3286304657,1,60.130640274728826,14.329633091525508
62,52666.33840370604,4,61.014803519348156,15.007343127670694
63,42984.30841788715,3,90.16946789708645,13.853193394750694
48,76867.1568029394,4,88.5113591326123,5.8977107522216565
32,52608.62062484757,3,49.82856857903755,13.813347752192762
31,66341.55064040651,5,61.42209104742123,5.92605195014776
50,42253.265874172765,2,86.40855495621655,13.939507008638296
65,50663.65781335661,5,74.81507411606952,2.874184019688677
21,31439.875318294307,3,82.01849285492094,9.531599690308177
70,59438.734578403775,2,74.38047253901904,5.895544302471644
69,52864.066261599735,1,81.54492490071203,14.349678262240129
54,36581.55151379324,1,75.05833546665434,15.575833870445067
42,36783.39275710308,4,70.62391743243033,10.994982568959664
36,74239.37755008115,3,85.58743829914809,10.830545719689423
45,79575.03125692725,3,77.02054616025646,13.520885612405678
27,46802.96994999018,1,81.52388716243567,15.605574399745588
48,51016.30359143244,5,76.57447924960766,10.186555873310807
45,56001.71711972325,2,70.13643106450186,7.501623375260097
29,52220.47637239531,5,91.08389311357192,13.23633743220244
45,24885.534191920546,5,78.54968254757665,0.706363144531645
53,56418.06015785579,1,71.44951355627849,14.548257697794128
70,18681.66448099087,1,87.78329470318715,6.44906525279144
60,39009.73713113571,1,61.79176226121043,8.798860668637754
26,57581.40719937227,4,97.36283650795986,14.580256615591555
23,58999.91311887256,5,73.20850242336572,7.922452418051545
77,37848.903736857654,3,62.319857926166236,13.237044392874015
72,43123.44589719624,2,94.05941348457566,15.694543770372073
69,41092.45236502319,4,70.36832386927209,10.550165450237527
64,48457.33755295895,3,77.43244569855628,11.557240779123559
30,49598.08480046505,5,82.17690741439463,9.402820630281404
48,60027.021942936655,1,86.84172527660145,10.577989985318602
75,42246.547056653246,5,77.99774563721564,4.41797610024984
55,55600.942878703325,2,68.52684591669963,8.531309567209624
44,57605.23646730787,4,77.18992523333992,3.5589719650874034
40,52974.34066057798,4,70.80684454668278,5.506163877363007
76,46105.912663257885,2,77.49011676364523,-0.014745103360812806
55,52709.6819641316,3,91.28149545756858,11.319640767524433
29,61276.10410090364,3,82.55925191643794,18.45801082688707
56,62587.77301574468,4,77.06646438098339,7.719471324297145
28,77230.59027240358,4,82.38490832606341,14.825667952861899
43,35149.60645540607,1,83.10080651909186,15.62846408008458
54,43399.88913506896,3,64.22125897031275,4.004313828258647
68,25797.970095973968,2,75.41722711215698,5.08103041154589
54,63965.14196491783,3,100.62527659332517,14.953990441761038
67,44982.3874046488,1,87.12820985031867,9.538293185040738
55,53092.8647304399,4,69.965644408388,3.5460556692470373
37,40934.92145830041,4,68.96792103882379,6.815702065356964
68,45099.44007533262,1,68.63474276824398,12.098301224060327
58,68347.85158139988,2,83.66319950262057,6.030316629475831
51,60413.50115728975,4,91.07640921116217,-3.872684327171971
43,48327.169135115815,5,80.82167044480057,8.389934113960818
42,61517.20879214595,4,76.57162349868818,8.795034030724018
51,61848.50120056811,5,70.55844642367228,10.046132170721636
56,44128.617249698975,1,78.29373145583527,16.294416866447648
31,27963.806590456876,1,66.79878279903791,10.267613989495226
68,36512.575594969414,4,55.642344527887616,11.214686772128536
74,29892.070949262245,3,91.36825690112448,15.277684868247096
32,67466.51968989361,5,64.9418732963789,10.05172007917881
42,70071.72824671521,2,71.7516762633068,20.68260372645051
44,73795.60820238525,4,81.56357450629291,3.6814585301049902
54,19706.66676534247,2,89.34466869346053,5.329261434460779
60,66071.01365560581,4,77.57130652418621,13.069792041354068
49,83182.86964077028,3,63.06289012339172,16.271567664693194
36,66679.81570715967,3,71.98653550308448,8.996025015656878
68,17731.555731939956,3,68.2151459497492,4.946894146052971
39,76524.47462595158,3,74.61788972528679,18.804947926126758
67,50625.335556979124,1,87.31984471269635,6.038155525978448
44,46514.01340249293,1,49.62611403930116,11.695272255664893
41,56766.429448744675,5,70.88610169972509,16.570759056738925
32,34264.8961614427,2,70.15950363612981,7.7919738828948955
78,50041.735563823684,4,62.43238655104361,6.889360813716429
38,74306.4446765611,4,80.85490743749617,7.23156128985168
68,59335.95305784932,1,60.85024128123952,14.507756282873823
55,50876.022081540024,4,62.00105720703675,15.300738526013298
31,51344.12239891413,1,83.51069214020613,10.168626958810636
60,32279.09025051798,5,90.00571368962669,19.415411265348666
38,47750.18162900412,2,74.2390323138804,10.15983279635064
31,25485.569965553488,5,62.82603881010734,16.461666070840828
28,65336.614285907155,3,67.9444590822175,7.839991978745303
26,17214.342762869863,3,85.08001947245045,21.66878266852782
47,62823.50569431065,3,76.16438240663393,17.850657077898557
33,64691.163512510924,5,73.98961223118077,9.360126822357422
50,69781.46923590792,4,78.13049709913146,17.172701043585015
71,51302.88744742704,2,74.6234005647456,16.91990245586009
38,63749.42699236293,3,90.45712297659217,17.765205381463243
77,47603.80039452176,3,67.508567353064,-2.4099316786015272
66,32199.543234680998,3,66.36040883164786,13.596757246454176
35,72960.98588806993,2,61.16546481931344,12.711493846528708
72,48546.71255577388,3,69.6001236427431,12.355366404717264
24,28857.330237902086,2,64.08024525333846,11.091732166989487
54,42997.77581315327,3,77.18075508652724,11.239056397572632
31,43590.12976147743,5,75.20947365525143,16.415701526490402
44,56925.453771863184,5,64.20924499932023,12.69736686846686
71,85205.71225059096,2,80.89139359027972,11.084532218661813
78,57836.279199238474,5,90.16812867129873,15.696905074178094
40,53102.65777994788,2,78.57838348671024,12.090130892059351
55,86836.64299343832,5,49.56501817044526,12.5678421367669
72,64683.403098690884,5,94.87130970670106,19.335185544056138
42,53813.73806202393,2,82.46923469071059,7.8275964372517635
35,42808.822117728574,4,94.56418253188451,2.4214483079937867
76,54743.00114306841,5,85.90723586149834,10.361817554953985
58,49004.14393860295,3,87.9051541887056,11.07271672478482
64,51371.511913384944,4,77.05266893601085,13.607645147285954
72,69716.03637154208,2,72.37703987810167,10.536579573309805
61,41895.16725293768,4,78.7348118773216,13.775596219862795
77,57703.1106224527,1,67.9121491975346,22.523083401357844
58,64234.099847563906,1,79.33880850900232,14.007571594385045
33,40068.31224763386,5,48.7321374264929,14.886576505257342
50,37660.678767663485,5,75.42932245214413,9.35234296138783
77,47744.87116128645,3,88.44676120102133,3.073714552463489
24,43075.55614615309,4,75.94308578928965,-1.4905579356487273
54,67284.98913112257,1,92.27482738030989,7.4065970893214095
42,34973.475821530184,5,72.36254612151394,-2.901858279825598
48,51027.07052793005,4,85.02650912987828,12.56774512509637
62,88190.72500106713,5,66.21729926326634,8.085915077875729
30,56195.84800679274,5,84.61956619555379,3.4331256676237842
37,58689.352164573276,1,77.32594908227816,10.654370599743128
66,67410.23743545687,1,72.80249504157271,6.306839031790981
31,43055.76401861961,5,49.2611788493558,12.253881268253842
28,33778.70556881894,2,72.4562322419445,13.53813164911252
29,52647.66914244117,5,77.13453019279811,6.490829185057791
77,53981.05742522806,5,83.28709435219918,8.81359409454837
63,25726.838079302583,3,90.60949799099068,11.074478769191101
36,55626.07872024167,3,95.35032701365911,2.964788932287875
57,66047.75748051559,3,87.46267343122985,11.07403761438508
26,36305.77890463986,2,69.37909674695806,2.844906759603022
65,56533.3377256222,2,71.9519591048226,12.828584897764346
32,63383.95490555201,5,82.38915471043683,7.824181686859004
59,58800.1731279512,3,80.19614459847801,2.8172863297788275
61,60215.09358112336,2,91.28345959391362,7.100132004295879
28,46327.99637290548,1,99.79389418709911,7.311627094032788
69,33087.43493389106,5,97.67180195098223,15.342604416934723
46,43292.80306424131,4,89.93938199798345,10.86652349642897
77,41209.143471940624,5,80.27902648942897,5.218612712174337
21,48796.11430688681,4,88.49325062945844,18.24533143600243
24,66399.06358189895,3,91.61441013728395,13.132452007552791
48,30322.39807753747,4,73.52699602744981,8.318388157101689
56,52163.750342260864,3,69.6733902749124,2.230829071524888
57,34048.97531723221,1,67.32578999928324,7.877032102599032
38,38899.29623265843,4,66.23615266554697,8.897434576711646
27,58381.11128917763,5,61.18004677406809,11.845161657251278
67,32150.82419951451,3,77.49901709117728,13.036282548298278
64,61013.664345544676,5,65.00247198911869,14.032910477053676
20,29717.533300629126,2,67.16477815864617,1.9426628458072628
41,60004.7060515724,3,82.01255559176727,11.042524105816211
71,26757.03095632232,4,76.8160906625351,9.20192087375894
36,40732.809811150764,3,79.29624940633674,23.38988638084939
26,78447.41574694341,5,88.65148761892081,10.323472195481854
44,75628.1955465033,1,83.64529908540796,6.886734007693143
64,43812.13021224282,3,90.18886581452664,10.551844283584575
23,55849.40879044852,4,75.7997649477807,9.95715855994617
55,68061.02028327326,2,91.11790591312396,0.054803464244923106
25,60219.44261630707,1,78.5973676435746,12.041522317089186
79,45898.036303177636,2,76.68706261095203,8.447209546607091
50,38770.470289455,3,89.61526206276503,9.866543924197407
38,63021.547144368946,5,66.27846320806705,5.6321573305472095
63,66960.54962921752,5,95.23600567542475,4.530428848938822
73,75735.52751591582,4,72.17899979962714,14.394411670378226
58,24691.258648203933,5,62.81892028450678,15.542283282214118
46,31203.128176984213,1,81.53501952055862,12.090493027186175
29,67428.8540322062,5,71.2267848988174,0.9460119972018273
45,26727.04179874735,4,95.2580709191125,12.415316796306618
38,68578.24932367899,3,70.67099181214853,1.020317243316569
58,46776.01241021912,3,78.14448917351962,6.694121825858674
22,42186.29270994973,5,60.74406684521897,14.32779224378621
64,53081.42894407204,2,83.1291424489747,13.287992408522456
32,29819.47321646752,3,67.22609924141095,12.284836822667348
69,62360.22245897527,5,81.93324690332601,16.56451326959892
47,75344.55496542045,4,70.71654760294138,12.800075737039634
77,63058.64323721362,5,54.530653132772,-0.09509612520441202
39,46302.369611687885,3,76.31190090343884,8.1523457687182
47,26929.464383518385,4,75.86428517078436,9.791957711344697
27,27506.188156956006,5,83.81071573622613,9.20629136615314
60,30055.350466410386,1,90.56000571839203,6.9143241244880524
58,49815.82584331524,4,94.12409409916799,4.8492193326820265
20,51701.000949089066,1,83.64154213470886,22.003724847296592
22,63026.65266111493,2,77.78619192065918,8.05627587397109
32,23059.565202753867,4,60.72666410484535,21.75801026687226
47,69668.153455886,1,77.02020936990007,4.293547976219729
76,60416.09478418057,3,77.14940169938933,13.285300343795038
79,45097.455604067974,3,73.01359740343972,11.148207081949348
68,32153.576874018498,2,81.32967650600808,5.390252364674696
44,68737.10962536678,4,86.21905710982135,7.662214450896581
75,45498.59058143924,4,66.81596069471317,9.924349653195149
52,49699.71650983357,4,66.66015645800533,5.779416914169372
57,55754.17956181898,2,73.6070798822337,8.719297029822867
72,36302.01641327583,4,68.84770809292077,-1.8245121269530742
25,45767.29131462127,3,58.58746797640137,13.557579951343696
77,62979.7535303057,1,65.03407263677049,16.135758370613964
63,61461.441177444125,3,62.6767885296256,12.271818537493296
64,61596.608100428566,3,87.08450508018153,21.321290639688897
51,32672.303732893524,1,92.02827006009278,13.410481137999465
64,46451.29473906288,3,64.04566542705413,15.714048193887798
66,44054.09247428292,2,80.46073513137111,16.191814162550557
40,56377.68263412052,1,83.7351642446975,-3.755066782928173
35,55034.86984473347,3,60.077312133401364,12.118365993747815
73,52331.40996114405,5,76.60978947179,3.085325248416094
40,86986.00933129893,3,100.33516165346526,4.095482742145973
30,45637.90879783944,2,81.77146866357631,4.965133640990426
79,43882.65370897183,4,72.5469945866747,8.436420999913118
56,32648.75494495916,3,69.3981347478179,13.252299803688485
55,26932.29011106694,4,54.775384152791055,12.16994912503352
54,31695.23934176337,5,79.70473656116732,9.937093085912013
38,39219.77111835081,3,94.47816787254315,13.613417206029805
39,69651.09641656779,1,66.86456245602079,13.917431607960514
76,50587.458565427885,4,55.64415320482939,12.213120946166727
37,52899.960004291,5,68.35775818646776,1.37747606962607
66,48555.90037696855,1,83.81599745978208,6.3033360532163805
60,55479.51489532683,1,70.71499995177915,10.131639169713244
68,71031.08220826765,1,66.79531907086911,13.667264415705423
33,20091.03745597946,1,75.1915491505786,3.357101711380067
34,68275.05973378071,3,77.29700747167855,9.943274051123598
50,12274.4232119749,3,61.11609859228305,2.1718777180527393
20,50423.040672828916,3,72.82716303063177,15.12958992859639
72,82878.61032116623,5,70.02732386077662,11.21173639182362
73,60209.86909297316,5,68.59095650751917,3.2693198202202867
73,55595.884029809546,5,64.82963330608553,3.2363573109785335
22,80029.1895020446,2,84.41257854794797,11.937159357921301
35,39454.056529982845,5,68.55613071201972,16.873994572815825
42,56509.51133697572,3,55.05054714186715,4.516070812753265
76,58671.756462108395,3,77.64297821975434,13.933020543080385
30,42163.96798659462,2,82.25199472673185,7.288811409860852
31,43488.347307560296,2,67.03983934784122,14.115970513464433
29,41843.3085016499,5,69.40337310216034,13.415954551826564
51,51309.724610128455,4,68.50946279571627,10.776499207412197
35,58200.3740865697,2,71.5334663856989,0.8280434685970857
27,51848.454093719934,1,86.06850182189822,13.405928250620565
57,60641.92726144783,3,73.85940827627644,12.510096354984324
31,20462.79071039679,1,83.39593545667205,12.052148765972511
43,46726.23254385745,3,65.31168368453247,10.97837031615489
47,34648.710344740306,3,71.16309580419016,5.60606555833946
72,54525.837690243476,2,84.54013815847307,15.414813855095558
27,54303.76143008485,2,66.94394601573741,14.490698604083178
77,48265.66827563817,1,85.1213646090853,4.622886115776675
47,57654.18515798107,3,68.71615909004862,16.57147505258876
55,64967.190773960414,1,71.78337484941581,10.658347173176937
45,49092.19216540537,4,91.70162587348925,10.645684765725862
27,34224.57667850447,1,70.64181022833769,9.118223317906587
77,26281.136436207787,5,76.45345802750634,9.610033017074722
79,50541.652629951925,1,81.16436422521735,16.854495941548848
69,53628.000522703114,5,77.26508649672012,15.165374922992577
47,35457.141657200315,5,77.55053348889577,15.059235418197074
47,60886.502347445494,5,74.43460256018265,10.92282176272689
56,43115.646712631395,4,61.97760790983677,14.445858617671982
60,25153.507022432743,1,78.48289330099759,5.82843462979714
55,68846.54513517785,1,67.67531542988345,12.917214892490334
46,67159.81878803245,4,82.75767217403177,9.232559840155163
73,19766.00845005353,3,88.72061423949685,-0.2990249370416116
36,41560.99577519461,2,56.94442738582985,2.069491705890183
28,40976.244778785855,1,88.73807827427105,6.6851060995539
52,74592.32989126255,2,70.88942208132957,12.07576992174355
72,48510.609349375154,4,73.69050777815528,6.689601058330155
39,27561.827029168737,3,65.8761254748761,7.044416313076455
32,63231.57173361318,3,76.88467729066276,13.81630460937421
47,31538.366813508786,3,75.66814883177406,7.2249394027515645
67,46094.89263917358,4,85.7692282529285,16.654036210172055
48,38453.46683178685,5,67.58606723369743,15.825618699100673
32,41593.1735258009,5,91.60802401937909,10.109406602856591
65,64058.87134345909,2,81.6471408630889,13.767307258291643
54,72819.95241998248,5,75.90968976775409,13.08620227178191
25,30884.468804309323,5,73.1921563610451,8.771673620202982
37,59391.146382617255,3,71.9343055286615,14.308173314860731
70,39008.69555465006,3,72.58656225593495,15.044510276952636
24,39474.92134963887,2,76.68401956935473,5.237823846047998
66,57359.54332134072,1,72.91000039306267,10.767743191603707
44,34581.45851429457,2,68.59470543492513,10.712519112880829
21,57059.039011625675,2,76.74459294836703,14.248097337253522
29,60951.70034764602,4,66.63711881274612,7.780708247753317
75,43512.01607451472,4,78.22466901001746,7.0111983361178565
49,69906.171530205,2,72.76932964519258,10.844998301555767
69,30907.630819077396,2,81.96730909231844,15.906796116267865
78,70181.09285917509,2,84.89074210695478,4.003114422950331
64,20840.188557723006,5,84.88680560344739,4.875969233314361
24,90495.71210629265,4,78.18105056052626,7.397475460147058
74,43906.966420672514,2,79.34831220766846,8.287114639592238
75,32565.392654185733,3,71.77248973881565,1.1720859878124266
52,46509.92137220002,3,81.77639688483347,17.49097643457574
73,34302.83086063358,5,82.90501360661723,9.34846704325444
20,55804.47948281813,5,59.32670846475472,8.599477379100144
37,70514.8599720522,1,78.78347195607263,18.113187690177085
51,35098.15660914984,1,88.68129807708867,13.588967475619063
66,58690.98858761005,1,71.43709705395216,7.322890613333256
68,27008.96946656361,5,69.2545302386612,10.823039226540777
30,65494.32099842919,5,70.8013653891368,9.791314338117607
40,56243.545503913934,5,59.95124007170873,17.241754284646383
45,66142.7498199548,3,76.25983954448911,9.162878991582033
44,48164.79646038342,5,75.29965440097251,2.7897022907089504
41,43472.65103217872,3,76.970268328773,0.6138794659735218
78,62241.761540859996,1,79.15976621217803,17.37580673703344
46,30379.272176623723,1,67.02006597818523,6.056926511186848
68,23857.635023996372,1,77.73199199022044,13.35105827816655
32,49925.57023939943,2,79.4319865991573,10.35881715357526
52,44156.05089711811,2,70.11608269182967,7.916726060608713
53,58307.49997672319,4,79.20117998251973,8.700762914984372
60,66373.27136470996,4,75.80706626386741,17.916889407647666
54,57995.21118726709,4,68.6881023055662,2.7596828567843756
20,65178.54967740118,2,77.82788696483676,8.067723846220371
40,54815.78499998246,2,72.09289256646781,14.532828803418507
67,57418.936224816476,4,81.97065274014388,3.584274957768719
74,48250.14185251594,4,72.60833619930962,16.586414038887924
25,56975.68191522773,5,62.1023441823494,14.461248578768128
47,52499.7924284527,4,77.6698698552765,11.358978425661684
36,54877.651947935956,5,77.29403247831435,7.484215478628663
24,47499.13950369741,3,64.18862887202339,2.9421692240802146
50,62133.938007069475,2,82.50536115435305,13.535229470670354
24,39343.21175247573,4,81.9822083613548,23.743224672419437
57,49724.7646864384,2,66.30019807525092,10.729462679584291
22,69676.75850311364,2,68.40373698940088,0.8697729463404951
72,35769.17265618312,2,73.57992386970473,12.287582450633739
42,17572.31807371054,3,67.41147868962362,14.301314857005977
56,55496.85749446958,1,81.40397184911677,5.410737840520314
72,46145.68264469751,4,76.4897194932721,6.772440369553021
56,65162.93360557759,1,64.06442854111765,6.2631088562685395
29,48042.273801545096,1,66.7752908715071,7.3431806656815555
29,40934.913926550325,1,86.87719177166402,9.13918442860977
38,48862.7390627268,2,90.35562377915416,5.695494457532486
36,66396.02879919816,5,80.38728976052508,3.820811293238875
40,58630.54440788563,2,72.88724744849686,10.871876928375086
33,13491.466151779481,2,70.60037087593423,9.086689800681496
28,52786.51238130157,1,80.49699418311005,7.818791149415917
65,53536.431986021074,2,75.75920534259487,10.415948583607571
20,49726.25052199221,1,58.89928552585623,2.3991214722077796
70,40836.65162647116,5,85.31867982534831,11.3160146149838
64,67917.97811759666,4,88.4580326736287,7.921558998552186
32,68660.50922202293,1,82.37252532943198,11.197447340563897
23,16952.59308761207,5,64.08388805371791,11.998245527094838
20,38030.60783387833,4,68.6317355027666,15.655756391430888
68,47829.0402307142,3,56.42280138642289,10.514772084944557
59,64227.623055750046,1,90.96048491395555,15.333594150271633
51,50522.793145876494,1,71.43261436740973,8.390434294349548
